DonorID,FirstName,LastName,Email,DonationAmount,DonationDate
1,Christopher,Curry,fwood@gmail.com,32801,2024-02-15
2,Marc,Campbell,matthewhenderson@yahoo.com,1743,2024-09-21
3,Alicia,Sullivan,danielspence@thompson.net,20638,2024-08-23
4,Tina,Wolf,sreeves@rocha.com,24898,2024-08-02
5,Glenn,Parks,susansmith@nelson.com,42488,2024-03-03
6,Jill,Cobb,darren80@potter.info,6733,2024-05-13
7,Matthew,Ruiz,kathleen68@gmail.com,48039,2024-01-11
8,Carmen,Smith,emily45@yahoo.com,36014,2024-09-20
9,Todd,Boyd,elizabeth17@cox.net,24032,2024-08-01
10,Kathleen,Sandoval,dgarner@rocha.com,15886,2024-06-21
11,Elizabeth,Campbell,ajohnson@johnson.com,24352,2024-03-30
12,Anita,Parsons,lowerytammy@gmail.com,18366,2024-04-07
13,Kathleen,Kelly,holson@gmail.com,35755,2024-04-16
14,Michael,Robbins,james62@gmail.com,29665,2024-01-06
15,Janet,Vega,robin21@yahoo.com,14655,2024-06-26
16,Matthew,Fox,robinsonjeffrey@moore-burton.net,38256,2024-04-02
17,Robert,Cameron,allenwendy@burke.com,18589,2024-05-22
18,Zachary,Johnson,roy52@brandt.com,29544,2024-06-26
19,Jeffrey,Murray,derrickweiss@cox-larsen.info,49854,2024-09-14
20,Richard,Brown,christinagay@gibbs.com,1317,2024-03-15
21,Kenneth,Francis,tanner49@todd.com,33755,2024-09-10
22,Brent,Mendez,rsmith@yahoo.com,15799,2024-10-08
23,Isabella,Ruiz,jenna21@marquez-case.com,17870,2024-06-28
24,Jacob,Anderson,jramirez@gmail.com,48090,2024-02-14
25,Robert,Bennett,pmosley@gmail.com,12093,2024-01-07
26,Melanie,Hill,benjaminwhite@bright-mann.com,21938,2024-06-16
27,Jose,Jimenez,guzmanjason@gmail.com,48761,2024-09-08
28,David,Hood,ana55@christian.biz,42032,2024-06-02
29,Breanna,Roberson,aalexander@gmail.com,14750,2024-04-14
30,Julie,Lindsey,kristinabrown@hotmail.com,16414,2024-06-17
