VolunteerID,FirstName,LastName,DOB,Region,Email
1,Sandra,Barton,1992-04-16,Europe,mathisashley@sutton-gaines.com
2,Mary,Gibson,1998-03-16,Asia,davisaustin@welch.com
3,Brent,Fischer,1971-08-23,Africa,joseph66@banks-young.com
4,Victor,Martinez,1966-12-19,Africa,smithkenneth@cobb.biz
5,Shawn,Franco,2006-05-20,Africa,kristin81@rodriguez.com
6,Mark,Bauer,1994-09-03,Oceania,lboyd@hotmail.com
7,Jesse,Sanders,1969-11-13,Africa,justindelgado@yahoo.com
8,Christian,Vazquez,1979-08-21,Africa,jreynolds@cunningham.com
9,Amy,Barron,1979-07-17,Oceania,robertshelton@yahoo.com
10,Mary,Smith,1972-12-06,Europe,medinabrooke@yahoo.com
11,James,Wood,1992-03-27,Americas,marybell@gamble.org
12,Jessica,Rhodes,1988-06-13,Africa,trevormaynard@hotmail.com
13,Jacqueline,Jenkins,1988-05-17,Americas,julie61@allen.com
14,Natalie,Graham,1978-08-20,Asia,vswanson@miller-martinez.com
15,Martin,Murphy,1992-07-09,Asia,maldonadojohn@thompson-young.net
16,Julie,Moody,1972-07-07,Americas,michael50@lucero-woods.com
17,Mary,Ryan,1965-01-04,Europe,royrobinson@gmail.com
18,Tina,Kim,1966-06-08,Americas,malonealejandro@hotmail.com
19,Scott,Ramos,1963-10-10,Oceania,ewilcox@gmail.com
20,Ashley,Hayes,1982-11-18,Africa,michaelparks@rodriguez.org
21,Ashley,Buckley,1987-01-22,Africa,hnunez@lam.com
22,Ricky,Sanford,1998-12-31,Europe,millsjulian@powers.com
23,Molly,Nguyen,2000-12-28,Americas,faulknerrichard@gmail.com
24,Rachael,Jackson,1980-04-28,Oceania,hmorrison@harper-schmidt.info
25,Robert,Murphy,2002-05-21,Europe,cmiller@scott.com
26,Jeffrey,Hurst,1982-10-02,Africa,irwinryan@larsen.com
27,Albert,Chung,1995-01-09,Asia,richard61@carter.com
28,Natasha,Cruz,1997-01-25,Americas,qobrien@gmail.com
29,Kenneth,Fry,1968-04-11,Oceania,hendersonchristopher@white.info
30,Scott,Bartlett,2002-09-11,Europe,awilliams@pierce-harrison.com
31,Luis,Miller,1980-06-18,Europe,johnwalls@hotmail.com
32,Shane,Solomon,2002-12-07,Americas,randy18@stephens.com
33,Amber,Price,1981-10-25,Asia,kimberlyowens@hotmail.com
34,Rebecca,Copeland,1984-07-12,Africa,lisabishop@sanchez.com
35,Johnny,Harris,1971-07-21,Africa,richardbell@yahoo.com
36,Jill,Fitzpatrick,1982-09-21,Americas,mandy28@hotmail.com
37,Teresa,Guzman,1979-02-27,Americas,richard18@davis.biz
38,Michael,Coleman,2000-10-11,Americas,herrerabrandon@rocha.biz
39,Stefanie,Adams,2004-01-14,Oceania,kimberlyellis@noble.com
40,Craig,Turner,1971-03-20,Americas,brian39@gmail.com
